method,full_path,source
GET,/api/v1/alerts/events,alerts.py:245
POST,/api/v1/alerts/events/read,alerts.py:270
GET,/api/v1/alerts/health,alerts.py:134
GET,/api/v1/alerts/rules,alerts.py:146
POST,/api/v1/alerts/rules,alerts.py:161
DELETE,/api/v1/alerts/rules/{rule_id},alerts.py:223
PUT,/api/v1/alerts/rules/{rule_id},alerts.py:190
POST,/api/v1/auth/login,auth.py:102
GET,/api/v1/auth/me,auth.py:217
POST,/api/v1/auth/register,auth.py:175
GET,/api/v1/auth/register/status,auth.py:162
POST,/api/v1/backtest/run,backtest.py:452
POST,/api/v1/backtest/signal-analysis,backtest.py:948
POST,/api/v1/backtest/strategy-run,backtest.py:891
GET,/api/v1/datacenter/datasets,datacenter.py:636
GET,/api/v1/datacenter/instruments,datacenter.py:1282
GET,/api/v1/datacenter/logs,datacenter.py:720
POST,/api/v1/datacenter/mirror/rebuild,datacenter.py:1392
GET,/api/v1/datacenter/mirror/status,datacenter.py:1374
GET,/api/v1/datacenter/overview,datacenter.py:480
GET,/api/v1/datacenter/quality,datacenter.py:675
POST,/api/v1/datacenter/sync,datacenter.py:807
GET,/api/v1/datacenter/sync/auto,datacenter.py:893
POST,/api/v1/datacenter/sync/auto,datacenter.py:905
POST,/api/v1/datacenter/sync/cancel,datacenter.py:919
POST,/api/v1/datacenter/sync/fetch,datacenter.py:1199
GET,/api/v1/datacenter/sync/status,datacenter.py:861
GET,/api/v1/datacenter/sync/tasks/{task_id},datacenter.py:868
GET,/api/v1/datacenter/task-stats,datacenter.py:759
POST,/api/v1/datacenter/text/build-factor,datacenter.py:1359
POST,/api/v1/datacenter/text/import,datacenter.py:1346
GET,/api/v1/datacenter/text/status,datacenter.py:1337
POST,/api/v1/datacenter/train/cancel,datacenter.py:1467
GET,/api/v1/datacenter/train/readiness,datacenter.py:1429
POST,/api/v1/datacenter/train/start,datacenter.py:1439
GET,/api/v1/datacenter/train/status,datacenter.py:1457
GET,/api/v1/desk/account,desk.py:254
POST,/api/v1/desk/attribution,desk.py:311
GET,/api/v1/desk/capacity,desk.py:269
GET,/api/v1/desk/exclusion,desk.py:90
POST,/api/v1/desk/exclusion,desk.py:112
GET,/api/v1/desk/exclusion/screen,desk.py:158
POST,/api/v1/desk/exclusion/toggle,desk.py:143
POST,/api/v1/desk/fills/run,desk.py:198
GET,/api/v1/desk/kill-switch,desk.py:53
POST,/api/v1/desk/kill-switch,desk.py:73
GET,/api/v1/desk/orders,desk.py:211
POST,/api/v1/desk/orders,desk.py:179
GET,/api/v1/etf/detail/{code},etf.py:967
GET,/api/v1/etf/flow,etf.py:694
GET,/api/v1/etf/hot,etf.py:524
GET,/api/v1/etf/list,etf.py:475
GET,/api/v1/etf/overview,etf.py:407
GET,/api/v1/etf/performance,etf.py:554
GET,/api/v1/etf/scale,etf.py:628
POST,/api/v1/export/backtest,export.py:57
GET,/api/v1/export/screener,export.py:18
POST,/api/v1/export/strategy-backtest,export.py:78
GET,/api/v1/market/index/kline,market.py:643
GET,/api/v1/market/overview,market.py:890
GET,/api/v1/market/overview/daily,market.py:830
GET,/api/v1/market/overview/rt,market.py:766
GET,/api/v1/market/quotes,market.py:675
GET,/api/v1/monitor/health,monitor.py:19
POST,/api/v1/monitor/run,monitor.py:34
GET,/api/v1/notify/recent,notify.py:156
GET,/api/v1/notify/stream,notify.py:83
POST,/api/v1/notify/stream-ticket,notify.py:75
GET,/api/v1/ops/dag,ops.py:390
POST,/api/v1/ops/dag/rerun,ops.py:463
GET,/api/v1/ops/lineage,ops.py:296
POST,/api/v1/ops/quality-scan,ops.py:36
POST,/api/v1/portfolio/backtest,portfolio.py:105
GET,/api/v1/portfolio/search,portfolio.py:135
GET,/api/v1/report/daily,report.py:464
POST,/api/v1/report/daily/generate,report.py:478
POST,/api/v1/research/cv-folds,research.py:285
GET,/api/v1/research/experiments,research.py:229
POST,/api/v1/research/factor-corr,research.py:192
POST,/api/v1/research/factor-icir,research.py:165
POST,/api/v1/research/factor-quantile,research.py:213
GET,/api/v1/research/feature-importance,research.py:341
POST,/api/v1/research/impact-sim,research.py:481
GET,/api/v1/research/lab/yearly,research.py:584
POST,/api/v1/research/optimize,research.py:399
GET,/api/v1/research/overview,research.py:115
POST,/api/v1/research/stress-test,research.py:533
GET,/api/v1/screener,screener.py:523
GET,/api/v1/screener/stocks,screener.py:640
GET,/api/v1/screener/watchlist,screener.py:507
GET,/api/v1/settings,app_settings.py:139
POST,/api/v1/settings/apikeys/rotate,app_settings.py:257
POST,/api/v1/settings/connectors/test,app_settings.py:239
POST,/api/v1/settings/data/cache/clear,app_settings.py:280
POST,/api/v1/settings/data/sync,app_settings.py:270
POST,/api/v1/settings/db/backup,app_settings.py:310
PUT,/api/v1/settings/engine,app_settings.py:200
PUT,/api/v1/settings/preferences,app_settings.py:180
GET,/api/v1/stock/search,stock.py:78
GET,/api/v1/stock/{symbol}/kline,stock.py:150
GET,/api/v1/stock/{symbol}/panels,stock.py:256
GET,/api/v1/stock/{symbol}/predict,stock.py:200
GET,/api/v1/stock/{symbol}/profile,stock.py:107
POST,/api/v1/studio/alpha-eval,studio.py:243
POST,/api/v1/studio/factor-report,studio.py:414
GET,/api/v1/studio/factors,studio.py:298
POST,/api/v1/studio/factors,studio.py:320
DELETE,/api/v1/studio/factors/{factor_id},studio.py:384
POST,/api/v1/studio/mining/cancel/{task_id},studio.py:116
POST,/api/v1/studio/mining/start,studio.py:67
GET,/api/v1/studio/mining/status/{task_id},studio.py:91
POST,/api/v1/studio/nl-to-factor,studio.py:193
GET,/api/v1/watchlist/correlation,watchlist.py:389
GET,/api/v1/watchlist/dashboard,watchlist.py:269
