factor,mean_ic_20,std_ic_20,icir_20,sample_count,status
close,-0.12016597055381269,0.07352829417477859,-1.6342820393490318,20,risk_factor
ret_1,0.0067204096194816735,0.25370419696371166,0.02648915429823544,20,normal
ret_3,-0.038753054515171935,0.23397969456621331,-0.1656257163127688,20,normal
ret_5,-0.03107419044162594,0.24908506688323198,-0.12475332556243983,20,normal
ret_10,-0.023297229851374418,0.19877061011764494,-0.11720661237385976,20,normal
ret_20,-0.09886386639515335,0.25354486314626273,-0.3899265209649372,20,normal
ret_60,-0.10031764007031155,0.1610386475900115,-0.6229413968112198,20,risk_factor
overnight_gap,0.061127294417378554,0.16569667319751807,0.3689108129800047,20,normal
ma_gap_5,-0.03214824855525962,0.23649318989792917,-0.13593731206016907,20,normal
ma_gap_10,-0.018652365752474625,0.22667146784268793,-0.08228810590938396,20,normal
ma_gap_20,-0.07308844560810217,0.22606723804852485,-0.32330401450038454,20,normal
ma_gap_60,-0.13807863683268712,0.22351510029443836,-0.6177597694777442,20,risk_factor
ma_gap_120,-0.16149045161490305,0.14471576114044096,-1.1159147444775066,20,risk_factor
ma_gap_250,-0.07200819934376879,0.1925573238506127,-0.3739572087096165,20,normal
ma_slope_20,-0.09236910790539207,0.2549030421994881,-0.362369578285,20,normal
vol_5,0.12509681029700098,0.24249602476575363,0.5158715917831727,20,strong
vol_10,0.13069997656303703,0.29492708768964154,0.44316029967574755,20,normal
vol_20,0.13167539812457024,0.345970091407191,0.38059763371162136,20,normal
vol_60,0.14448757099244242,0.35522054369870404,0.40675454602928574,20,normal
hl_range,0.06544733694582416,0.2549431854416465,0.25671341962895605,20,normal
co_range,-0.030511698615050008,0.23616318496093908,-0.12919752339932483,20,normal
v_ma_gap_5,-0.06119538645705236,0.1438815089150067,-0.42531793639446425,20,normal
v_ma_gap_10,-0.05237181742429731,0.15501206902604067,-0.3378563859792059,20,normal
v_ma_gap_20,-0.052502031285991645,0.143689701701166,-0.3653847886411585,20,normal
v_ma_gap_60,-0.051680798022587425,0.12781922804169987,-0.40432725822539806,20,normal
v_rank_20,-0.050925364771388426,0.11646282905737353,-0.43726711074742025,20,normal
v_cv_5,-0.006415166126890826,0.13132918510432898,-0.04884798547858624,20,normal
amount_per_share,-0.0998902190196967,0.14688296751282592,-0.6800667273485894,20,risk_factor
macd_dif,-0.12944498947720093,0.2579687944521711,-0.501785457237545,20,risk_factor
macd_dea,-0.13834646542399276,0.2563338873090055,-0.5397119626919198,20,risk_factor
macd_bar,-0.006299742511985044,0.21992210021921244,-0.028645336260910707,20,normal
rsi_6,-0.06444896815827665,0.2417569183013468,-0.26658582766157646,20,normal
rsi_14,-0.11742721733913175,0.21756937367531745,-0.5397231023626075,20,risk_factor
boll_pos,-0.07168982471133212,0.23588388295228552,-0.30391997882209487,20,normal
boll_w,0.08381692604900463,0.26544374602273946,0.3157615400809797,20,normal
atr_14,0.1453146180619076,0.3492631222990222,0.4160605823637351,20,normal
rank_close_20,-0.07781969635609627,0.25386318369633926,-0.3065418751274348,20,normal
rank_close_60,-0.14090387770148227,0.22080102998773732,-0.6381486431893352,20,risk_factor
rank_volume_20,-0.050925364771388426,0.11646282905737353,-0.43726711074742025,20,normal
skew_ret_20,0.05735360235172397,0.10578170594056362,0.5421882908936039,20,strong
kurt_ret_20,0.05567693962352569,0.13084390312966815,0.42552184925536085,20,normal
skew_ret_60,0.011945382831458221,0.07120891667754703,0.1677512225828417,20,normal
kurt_ret_60,-0.012980517807289755,0.13602552859793537,-0.09542707123497093,20,normal
